,City,Hotel_name,Location,Reviews,Star_rating,Actual_price,Discount,Price
0,gurgaon,OYO Flagship 80462 Hotel Jas Inn,"Gurudwara Road, Gurgaon",,NEW,₹2424,75% off,₹599
1,gurgaon,OYO 27864 Hotel Samrat,"Near Bus Stand, Sadar Bazar, Gurgaon",Very Good,4.2,₹2072,75% off,₹514
2,gurgaon,OYO Flagship 703209 The Grand Palm,"near MEDANTA hospital, Gurgaon",,2.8,₹2197,65% off,₹769
3,gurgaon,Collection O 703320 Pacific Homes,"sector 38, Gurgaon",Fair,4.1,₹2912,79% off,₹599
4,gurgaon,OYO Flagship 704000 Blue Heaven,"Gurgaon, Gurgaon",Very Good,NEW,₹3485,84% off,₹549
5,gurgaon,Collection O 79270 Collection O Hotel Aditya Palace,"Sec 17, Gurgaon",Very Good,4.3,₹2102,71% off,₹589
6,gurgaon,OYO Flagship 703990 Hotel Dream View,"Gurugram, Gurgaon",Very Good,NEW,₹2424,74% off,₹616
7,gurgaon,OYO Townhouse KK STAY HOMES,"India Gurgaon HaryanaIndia, Gurgaon",Good,4.2,₹2669,74% off,₹673
8,gurgaon,Capital O 702895 Sagarmatha Hotel near Medanta Hospital,", Gurgaon",Good,3.5,₹2368,72% off,₹663
9,gurgaon,OYO 37096 A2k Residency,"Near Pushpanjali Hospital, Civil Lines, Gurgaon",Very Good,3.9,₹2122,72% off,₹594
10,gurgaon,Capital O 84923 Hotel Crown Inn,"Sector 31, Gurgaon",,4.0,₹2060,69% off,₹621
11,gurgaon,OYO 79192 The Doors,"Sector 14, Gurgaon",Good,3.9,₹2424,73% off,₹638
12,gurgaon,OYO 44130 Hotel Devi Palace Inn,"new railway road ,near sheetla hospital ,subhash nagar gurgaon ",Very Good,4.4,₹1889,72% off,₹529
13,gurgaon,OYO Townhouse 1114 Saltstayz Sec-46,"Sector 46, Gurgaon",Good,3.5,₹2904,68% off,₹915
14,gurgaon,OYO SilverKey 75658 Sector 38,"Near Medanta The Medicity, Sector 38, Gurgaon",Very Good,4.3,₹3804,72% off,₹1065
15,gurgaon,OYO Townhouse 213 Artemis Hospital,"Sector 46, Gurgaon",Very Good,4.3,₹3714,72% off,₹1040
16,gurgaon,OYO Townhouse 283 Saltstayz,"Plot No 75 sector-28, Golf course road",Very Good,4.3,₹4219,71% off,₹1182
17,gurgaon,OYO Flagship 80464J Classic Hotel Sector 14,"Gurugram , Gurgaon",Fair,2.0,₹2424,75% off,₹599
18,gurgaon,OYO 62899 Avni Residency,"Sector 14, Gurgaon",Good,3.9,₹2549,71% off,₹714
19,gurgaon,OYO 10020 Golf Stays,"Near Shiv Nadar School, DLF Phase 1, Gurgaon",Good,3.9,₹2052,73% off,₹534
20,gurgaon,OYO 26868 Wonderland Inn,"Sector 24, Gurgaon",Fair,2.4,₹2150,76% off,₹497
21,gurgaon,OYO Townhouse 398 Cloud Bay,"Sector 69 Nearby Tulip White Society, Gurgaon",,4.7,₹4231,71% off,₹1185
22,gurgaon,OYO Townhouse 513 Hotel Skylight,"Near Medanta Hospital Sector 38,Gurgaon",Excellent,4.5,₹4159,64% off,₹1456
23,gurgaon,OYO Flagship 704000 Blue Heaven,"Gurgaon, Gurgaon",Excellent,NEW,₹3485,84% off,₹549
24,gurgaon,Capital O 325 Hotel Silver Star,"Near Medanta Hospital, Medicity, Gurgaon",Good,3.8,₹2356,78% off,₹497
25,gurgaon,OYO Townhouse 755 Hotel Maharaja,"Sector 38, Gurgaon",Excellent,4.5,₹3765,64% off,₹1318
26,gurgaon,OYO 91606 Hotel Daffodils Inn,"Sector 47 Gurgaon, Gurgaon",Fair,3.4,₹1817,72% off,₹497
27,gurgaon,OYO 79192 The Doors,"Sector 14, Gurgaon",Good,3.9,₹2424,73% off,₹638
28,gurgaon,Capital O 71276 Hotel Bms,"Near Unitech Cyber Park, South City -1, Gurgaon",,3.4,₹2204,77% off,₹505
29,gurgaon,OYO 42214 Hotel Grand Casa,"Near DLF Phase 3, V Block, Gurgaon",Fair,3.5,₹2348,76% off,₹549
30,gurgaon,OYO Townhouse 283 Saltstayz,"Plot No 75 sector-28, Golf course road",Good,4.3,₹4219,71% off,₹1182
31,gurgaon,OYO 91814 The Majestic Residency,"Gurgaon, Gurgaon",Very Good,3.3,₹2077,73% off,₹559
32,gurgaon,Collection O 87877 Prince Palace,"Sector 52, Gurgaon",Fair,3.8,₹1867,65% off,₹653
33,gurgaon,OYO 8240 Maan Residency ,"Near Bestech Park View, Block C 2, Gurgaon",Good,4.2,₹2424,77% off,₹542
34,gurgaon,OYO 26674 The Primero,"Near Mg Metro Station, Sector 25, Gurgaon",Very Good,3.5,₹2377,78% off,₹505
35,gurgaon,Collection O 79127 Collection O Green Plaza,"Sector 10, Gurgaon",Good,3.5,₹2412,71% off,₹682
36,gurgaon,OYO Townhouse 024 Sector 47 Gurgaon,"Near Bakhtawar Chowk, Huda Colony, Gurgaon",Good,4.4,₹4179,72% off,₹1170
37,gurgaon,OYO 83393 Ashoka Inn ,"India, Gurgaon",Very Good,3.5,₹2368,72% off,₹663
38,gurgaon,OYO Townhouse 285 Saltstayz,"Near Medanta, Jharsa Village, Gurgaon",Good,4.2,₹4057,72% off,₹1136
39,gurgaon,OYO 32589 Sky Hotel,"Near Gurgaon Railway Station, Block B, Gurgaon",Very Good,4.1,₹2506,78% off,₹541
40,gurgaon,OYO Townhouse 003 Sohna Road,"Near Metro station, Uppal Southend, Gurgaon",Very Good,3.9,₹3885,71% off,₹1088
41,gurgaon,"OYO Townhouse 219, Sector 49, Gurgaon","Near Omax MAll, Uppal Southend, Gurgaon",Good,4.8,₹4628,72% off,₹1296
42,gurgaon,Capital O 84923 Hotel Crown Inn,"Sector 31, Gurgaon",,4.0,₹2060,69% off,₹621
43,gurgaon,OYO 37096 A2k Residency,"Near Pushpanjali Hospital, Civil Lines, Gurgaon",Excellent,3.9,₹2122,72% off,₹594
44,gurgaon,OYO 74812 Tipsyy Inn,"Near DLF 5, Sector 53, Gurgaon",Very Good,3.5,₹2685,83% off,₹449
45,gurgaon,Collection O 79067 Collection O,"Gurgoan, Gurgaon",Good,4.1,₹2878,71% off,₹806
46,gurgaon,OYO 92302 Himalya Guest House,"Sector 31, Gurgaon",,3.6,₹1775,69% off,₹549
47,gurgaon,OYO SilverKey 75658 Sector 38,"Near Medanta The Medicity, Sector 38, Gurgaon",,4.3,₹3804,72% off,₹1065
48,gurgaon,Flagship 700900 Delite Hotel,"atul kataria chowk, Gurgaon",Good,3.8,₹1775,68% off,₹559
49,gurgaon,POP 89779 Garden View Hotel And Restaurant,"Sector 34, Gurgaon",Very Good,3.3,₹1775,68% off,₹559
50,gurgaon,OYO 85147 Royal Residency,"Sector 5, Gurgaon",Good,3.3,₹1789,68% off,₹564
51,gurgaon,SPOT ON 77870 Maa Gayatri Guest House,"Gurugram, Gurgaon",Very Good,4.2,₹1861,72% off,₹521
52,gurgaon,OYO Townhouse 101 Golf Course Road,"Near sector 27, Urban Estate, Gurgaon",Good,4.4,₹4531,71% off,₹1269
53,gurgaon,OYO 93193 Hotel Smart Plaza,"Near Axis Bank A t m Opposite Side, Gurgaon",Fair,1.8,₹1775,68% off,₹559
54,gurgaon,Capital O 79081 Tipsyy 007,"Near 64-A, Sector 53, Gurgaon.",Fair,4.3,₹3577,65% off,₹1252
55,gurgaon,Capital O 805255 Tipsyy Inn 012,"India, Gurgaon",Very Good,NEW,₹2617,80% off,₹499
56,gurgaon,OYO Townhouse 213 Artemis Hospital,"Sector 46, Gurgaon",Very Good,4.3,₹3714,72% off,₹1040
57,gurgaon,Capital O 29330 Esscon House,"Centrally Located, Near Ansal Plaza, Carterpuri Village, Gurgaon",,4.1,₹3194,72% off,₹894
58,gurgaon,Collection O 76097 Hotel Moonlight,"Near Vyapar Kendra, B Block, Gurgaon",Fair,4.2,₹2922,64% off,₹1023
59,gurgaon,OYO 62899 Avni Residency,"Sector 14, Gurgaon",Very Good,3.9,₹2549,71% off,₹714
60,gurgaon,OYO 48746 Manil residency,"Near Artemis Hospital, Indira Colony, Gurgaon",Very Good,3.7,₹1932,73% off,₹509
61,gurgaon,OYO Flagship 702726 Babil Palace,"Islampur Colony, Gurgaon",Very Good,NEW,₹1761,72% off,₹493
62,gurgaon,Flagship 93472 The Shan Hotel,"Near Lotus Hospital, Gurgaon",Very Good,3.9,₹2424,76% off,₹559
63,gurgaon,Collection O 302 Platinum Sqs Key,"94 P BLOCK, SECTOR 41 part 1",Good,4.1,₹3232,72% off,₹905
64,gurgaon,Collection O 703320 Pacific Homes,"sector 38, Gurgaon",Good,4.1,₹2912,79% off,₹599
65,gurgaon,OYO 703314 Kk Residency,"Flat number 13 jharsa road civil line nearby park in Gurgaon, Gurgaon",Good,NEW,₹2339,72% off,₹655
66,gurgaon,OYO 350 The Orange Hotel,"gurgaon.  Near bakthawar chowk., Gurgaon",Very Good,3.5,₹2498,75% off,₹616
67,gurgaon,OYO 63251 Friends Harsh Villa,"Near Govt. Girls College, Old DLF Colony, Gurgaon",Very Good,3.9,₹2524,68% off,₹795
68,gurgaon,SPOT ON 46088 Hotel Black,"Near Tau Devi Lal Sports Complex, Gurgaon",Good,2.4,₹1428,64% off,₹500
69,gurgaon,OYO Flagship 14895 Hotel Stay Inn,"Near Star Mall, Jal Vayu Vihar, Gurgaon",,3.9,₹2498,78% off,₹549
70,gurgaon,OYO 71396 Welcome Residency,"Near Maruti Suzuki, Noble Enclave, Gurgaon",Good,4.4,₹2744,72% off,₹768
71,gurgaon,SPOT ON 89541 Saini Vasno Restaurant And Guest House,"Near Imli Kheda Nagar Panchayat, Gurgaon",Fair,5.0,₹2495,65% off,₹873
72,gurgaon,OYO 9381 Dlf Cyber City,"UJ Tower, Sikandarpur, Piller No-48 Near Dronacharaya Metro Gurgaon",Good,3.6,₹2495,71% off,₹699
73,gurgaon,OYO Townhouse KK STAY HOMES,"India Gurgaon HaryanaIndia, Gurgaon",Very Good,4.2,₹2669,74% off,₹673
74,gurgaon,Capital O 804474 Pantao Stays South City 1,"Gurgaon, Gurgaon",,NEW,₹3858,84% off,₹599
75,gurgaon,Capital O 30407 Hey Stay,"Near Cyber Park, Unitech Cyber Park, Gurgaon",Good,2.0,₹3979,64% off,₹1393
76,gurgaon,OYO 92369 Rp Residency,"Near Huda Park, Gurgaon",Very Good,3.5,₹1794,69% off,₹549
77,gurgaon,Capital O 88255 Tipsyy Inn Suites 002,"101301, Gurgaon",Fair,4.0,₹3924,65% off,₹1373
78,gurgaon,Capital O 18693 Hotel Levanti,"Near DLF Phase 3, U Block, Gurgaon",Good,4.1,₹3952,71% off,₹1107
79,gurgaon,Townhouse OAK Saltstayz,"Sector 52, Gurgaon",,4.3,₹3894,72% off,₹1090
80,gurgaon,OYO 90231 Happy Feet,"V-16/1, DLF Phase III,Sector 24,Gurgaon",Very Good,3.6,₹1895,65% off,₹663
81,gurgaon,OYO 10758 Downtown Inn,"Near Payal Cinema, Sector 14, Gurgaon",Very Good,3.4,₹2665,72% off,₹746
82,gurgaon,Collection O 701046 Jbf Residency,"Koyal Vihar, Gurgaon",Very Good,4.1,₹2354,74% off,₹599
83,gurgaon,OYO 531 Hotel Cyber Inn,"Near Bus Stand, Prem Nagar, Gurgaon",Good,3.7,₹2518,72% off,₹705
84,gurgaon,Flagship 73770 Maurya Residency,"Near Rezang La Chowk, Carterpuri Village, Gurgaon",Fair,3.9,₹2302,71% off,₹645
85,gurgaon,Flagship 700795 Pl Residency,"Gurgaon, Gurgaon",Very Good,4.5,₹3871,65% off,₹1355
86,gurgaon,OYO 700125 Yeti Inn Hotel,"Jharsa Village, Gurgaon",Good,4.2,₹2432,75% off,₹599
87,gurgaon,Flagship 83164 Hotel Grand Inn,"Sector 41, Gurgaon",Good,3.6,₹2517,68% off,₹793
88,gurgaon,OYO 80528F Khatri Hotel,"Gandhi Nagar, Gurgaon",Excellent,NEW,₹2064,65% off,₹722
89,gurgaon,Collection O 75312 ,"Sector 45, Gurgaon",Very Good,3.7,₹2408,72% off,₹671
90,gurgaon,TOWNHOUSE 1167 Gold Souk,"Behind Gold Souk Mall, Near Huda Metro Station",Good,4.7,₹3459,64% off,₹1211
91,gurgaon,OYO Townhouse 349 Unitech Cyber Park Gurgaon,"Near Bakhtawar Chowk, Huda Colony, Gurgaon",Good,3.9,₹3928,64% off,₹1375
92,gurgaon,Collection O 10200 The Urban Stays 18,"Near Netaji Subhash Marg, Huda Colony, Gurgaon",Excellent,4.4,₹4497,65% off,₹1574
93,gurgaon,OYO Townhouse 069 Civil Lines,"Plot No.28/18,New Friends Colony,Sector 15, Gurugram",Good,4.2,₹3584,65% off,₹1254
94,gurgaon,OYO Townhouse 347 Near Bus Stand,"Near Hp Petrol Pump, West Rajiv Nagar, Gurgaon",Very Good,3.7,₹2322,64% off,₹813
95,gurgaon,OYO 10877 Hotel R K Residency,"Near Basai Chowk, Basai, Gurgaon",Very Good,3.7,₹3145,64% off,₹1101
96,gurgaon,Collection O 805384 Ramjas Star Residency ,"South City I, Gurgaon",Good,NEW,₹1761,68% off,₹555
97,gurgaon,Collection O 703676 Hotel Au Residency,"Gurgaon, Gurgaon",Good,NEW,₹3002,64% off,₹1051
98,gurgaon,Collection O  74498 PARADISE_FRANCHISE,"Near Artemis Hospital, Sector 51, Gurgaon",Very Good,4.2,₹2773,71% off,₹799
99,gurgaon,OYO Townhouse 166 Saltstayz,"Near Medanta Hospital, Sector 38, Gurgaon",Good,3.8,₹3714,65% off,₹1300
100,lucknow,SPOT ON 66997 Jc Guest House,"Near Ram Krishna Matt, Lucknow",Excellent,4.7,₹2065,67% off,₹663
101,lucknow,OYO Flagship 703049 Hotel Park Avenue,"Charbaghnull, Lucknow",Very Good,4.0,₹2264,68% off,₹713
102,lucknow,Collection O 90957 Hotel Premier,"Lalbagh, Lucknow",Good,3.8,₹2322,75% off,₹568
103,lucknow,OYO Flagship 704048 Hotel Vills,"26/103 gokhle vihar marg, Lucknow",Excellent,NEW,₹2350,73% off,₹616
104,lucknow,OYO Flagship 703194 NeelKanth Hotel,"Udaiganj, Lucknow",Very Good,4.6,₹2368,72% off,₹663
105,lucknow,Flagship 77835 Hotel Maa Arya,"Chota Gurudwara, Lucknow",,4.0,₹2512,71% off,₹704
106,lucknow,SPOT ON 703315 Hotel 12 Jyotirlingam Hotel &lawn,"Devpur, Lucknow",,5.0,₹1905,68% off,₹599
107,lucknow,OYO 8379 Hotel Kamal,"Near Punjab National Bank, Hussain Ganj, Lucknow",Good,3.6,₹2138,73% off,₹562
108,lucknow,OYO 22662 Hotel Shivam,"Charbagh, Lucknow",Good,3.6,₹2745,71% off,₹769
109,lucknow,SPOT ON 703244 M V Room's & Banquet,"Hari Om Nagar, Lucknow",,5.0,₹2018,72% off,₹549
110,lucknow,Townhouse OAK Hind Palace,"Near bhoothnath, Indira Nagar, Lucknow",,4.5,₹5474,71% off,₹1533
111,lucknow,Townhouse 1157 Hotel Relax Inn,"Gomti Nagar, Lucknow",Excellent,4.2,₹2898,71% off,₹812
112,lucknow,OYO Flagship 703997 Hotel Victory,"Opposite FI School of nursing Burlington crossing, Lucknow",Very Good,3.6,₹1946,66% off,₹646
113,lucknow,Capital O 84344 Hotel Vills,"Sadar, Lucknow",Good,3.5,₹2665,85% off,₹399
114,lucknow,OYO Flagship 804536 Dream Connect,Behind Hygia Institute,Good,4.6,₹1761,68% off,₹555
115,lucknow,OYO Townhouse 403 Veridian,"Near Viraj Khand, Gomti Nagar, Lucknow",Excellent,4.8,₹4317,71% off,₹1209
116,lucknow,Flagship 92315 Khushboo International Hotel,"Vrindavan, Lucknow",Excellent,3.6,₹2184,72% off,₹599
117,lucknow,POP 80507J Grand Inn,"Udaiganj, Lucknow",Good,NEW,₹1944,65% off,₹680
118,lucknow,OYO 702340 Palassio Inn,"Krishna Nagar Lucknow, Lucknow",,4.0,₹1761,72% off,₹493
119,lucknow,Collection O 74687 Insight Inn,"Vibhuti Khand, Gomti Nagar, Lucknow",Very Good,4.0,₹2848,71% off,₹798
120,lucknow,OYO 69429 Hotel Vimal Residency,"Near Madhav Market, Charbagh, Lucknow",Very Good,4.2,₹2899,71% off,₹812
121,lucknow,SPOT ON 703315 Hotel 12 Jyotirlingam Hotel &lawn,"Devpur, Lucknow",Very Good,5.0,₹1905,68% off,₹599
122,lucknow,Flagship 76590 Laavin Inn,"Near Lekhraj Metro station, Sanjay Gandhi Puram, Lucknow",,4.3,₹4565,72% off,₹1278
123,lucknow,Flagship 43119 Avadh Court Guest House,"Near Patrakarpuram Chaueraha, Gomti Nagar, Lucknow",Very Good,3.6,₹2758,78% off,₹599
124,lucknow,OYO Flaghsip 805200 Hotel Ge 9,"1/25 Cantonment Road Near Lalbagh Marriage Hall Cantt Road, Lucknow",Good,NEW,₹1761,68% off,₹555
125,lucknow,OYO 68040 Hotel Aastha,"Near Transport Nagar Metro Station, Labour Chowk, Lucknow",Excellent,4.5,₹2031,72% off,₹568
126,lucknow,Flagship 80874 Hotel Moon Palace,"Sadar, Lucknow",Very Good,4.0,₹3008,68% off,₹948
127,lucknow,OYO 702674 Hotel Avadh,"Arya Nagar, Lucknow",Very Good,NEW,₹1761,68% off,₹549
128,lucknow,OYO Flagship 66107 Just-9 Inn,"Lalkuan Road Lucknow, Lucknow",,4.2,₹2389,68% off,₹753
129,lucknow,OYO 701748 Lemon Wood,"Hariharpur Road Opp. Medanta Hospital, Lucknow",,4.9,₹2146,77% off,₹493
130,lucknow,OYO Flagship 702640 Amity Inn,"Gomti Nagar, Lucknow",Excellent,NEW,₹1789,72% off,₹501
131,lucknow,OYO Townhouse 1094 North Inn,"Faizabad Road, Lucknow",Good,4.6,₹2847,72% off,₹797
132,lucknow,OYO Flagship 703997 Hotel Victory,"Opposite FI School of nursing Burlington crossing, Lucknow",,3.6,₹1946,66% off,₹646
133,lucknow,OYO Flagship 804536 Dream Connect,Behind Hygia Institute,,4.6,₹1761,68% off,₹555
134,lucknow,POP 80507J Grand Inn,"Udaiganj, Lucknow",Excellent,NEW,₹1944,65% off,₹680
135,lucknow,Capital O 85097 Hotel Kpr Inn,"2/298 Vivek Khand Gomti Nagar Lucknow, Lucknow",Good,3.8,₹1804,68% off,₹568
136,lucknow,OYO 83366 Hotel Sna Grand,"Opp Shringaar Villa, Lucknow",,4.0,₹1875,57% off,₹799
137,lucknow,OYO Townhouse 565 Hotel Hridaya Inn,"B1/301, SECTOR-G, SAHARA STATE ROAD, NEAR ICON HOSPITAL, JANKIPURAM, LUCKNOW. ",Very Good,4.5,₹3772,72% off,₹1056
138,lucknow,OYO 86476 Roister Inn,"New Defence Colony, Lucknow",Excellent,4.4,₹2187,74% off,₹568
139,lucknow,OYO Flagship 29682 Hotel Alpine Inn,"Vikas Nagar, Lucknow",Very Good,2.9,₹2380,73% off,₹621
140,lucknow,OYO Townhouse 702 Kachnar House Vikas Nagar,"Near Vikas Nagar Post Office, Sector 2, Lucknow",Fair,4.3,₹4539,72% off,₹1271
141,lucknow,Capital O 60341 Seven Wonders Inn,"Near Hussainganj Chauraha, Udaiganj, Lucknow",Very Good,3.9,₹3988,71% off,₹1117
142,lucknow,OYO LCK1265 Shanti Kuti Home Stay,45A Laxmanpuri Indiranagar Lucknow,Good,3.7,₹2348,68% off,₹740
143,lucknow,Collection O 74687 Insight Inn,"Vibhuti Khand, Gomti Nagar, Lucknow",Good,4.0,₹2848,71% off,₹798
144,lucknow,SPOT ON 70311 Rangoli Palace,"Near Khurram Nagar chauraha, Lucknow",Very Good,4.2,₹1454,72% off,₹404
145,lucknow,OYO 90894 Hotel Oyo Sky Hills,Hotel S.K.Y godaura Bharat petrol pump Lucknow,Very Good,4.0,₹2187,81% off,₹399
146,lucknow,OYO 12758 Hotel Greenview Inn,"Indira Nagar, Lucknow",Very Good,4.3,₹2821,66% off,₹949
147,lucknow,Townhouse 1157 Hotel Relax Inn,"Gomti Nagar, Lucknow",Very Good,4.2,₹2898,71% off,₹812
148,lucknow,Collection O 83588 Golden Galaxy Inn,"Chinhat, Gomti Nagar, Lucknow",Very Good,4.5,₹3238,65% off,₹1133
149,lucknow,OYO Townhouse 311 Prithvi Resort,"Near Ekana Stadium, Gomtinagar Ext., Lucknow",Excellent,4.4,₹4688,65% off,₹1641
150,lucknow,OYO 63611 Rajeshwari Marriage Lawn,"Near Prabhat Chauraha, Jankipuram, Lucknow",Very Good,4.0,₹2008,72% off,₹562
151,lucknow,OYO 29134 Virasat Guest House,"Gomti Nagar, Lucknow",Very Good,4.3,₹4337,72% off,₹1214
152,lucknow,OYO 702340 Palassio Inn,"Krishna Nagar Lucknow, Lucknow",,4.0,₹1761,72% off,₹493
153,lucknow,OYO Townhouse 1032 The Silver,"Sadar, Lucknow",Very Good,3.6,₹3083,80% off,₹602
154,lucknow,OYO Flagship 703204 Hotel Quirk,"Gomti Nagar extension Sadar tahsil Sai Mandir road, Lucknow",Very Good,4.4,₹2761,65% off,₹966
155,lucknow,OYO 87826 Hotel Clarke Inn,"Near Tempo Stand, Lucknow",Good,3.4,₹1875,76% off,₹449
156,lucknow,OYO Home 91033 Home Stays,"Jankipuram, Lucknow",Very Good,3.8,₹1792,68% off,₹565
157,lucknow,Flagship 92689 Paradise Shanti Inn,"Krishna Nagar, Lucknow",Fair,3.2,₹2157,74% off,₹549
158,lucknow,OYO 80531A Hotel Budget Inn,"Indira Nagar metro station, Lucknow",Good,NEW,₹1934,68% off,₹609
159,lucknow,Collection O 87450 Hotel Olivia In,"Sadar, Lucknow",,3.9,₹1804,72% off,₹505
160,lucknow,Flagship 93456 Hotel Kps Inn,"Matiyari Gaon Road, Lucknow",Fair,3.5,₹1775,68% off,₹559
161,lucknow,OYO Townhouse 418 Rama Inn.,Near by Polytechnic Indira Nagar Sector 8,Good,4.3,₹5751,72% off,₹1610
162,lucknow,Collection O 76477 M V Inn,"Near Ambedkar University, Lucknow",Good,3.2,₹1818,68% off,₹573
163,lucknow,OYO 75844 Hotel Urmila Sadan,"Near Rail vihar colony , Malhour, Lucknow",Very Good,3.6,₹2200,74% off,₹564
164,lucknow,OYO 92394 Ashiyana Guest House,"Sec-L LDA Colony, Lucknow",Fair,2.4,₹2345,72% off,₹649
165,lucknow,Flagship 81649 Hotel Indigo Palace,"Lucknow, Lucknow",Good,3.8,₹1883,69% off,₹568
166,lucknow,OYO 85793 Divyata Pride Jankipuram,"Lucknow Sadar, Lucknow",Fair,3.8,₹1875,69% off,₹568
167,lucknow,OYO Flagship 60739 Vedanta Rass Residency,"Near Medanta Hospital, Shaheed Path, Lucknow",Good,4.2,₹2368,72% off,₹663
168,lucknow,Capital O 81995 Hotel Sms,"226028, Lucknow",,3.5,₹2155,73% off,₹567
169,lucknow,OYO 28383 Mohit International 2,"Near Micro mall,Gomti Nagar, Lucknow",Good,3.9,₹2030,72% off,₹555
170,lucknow,Capital O 89493 Hotel Holidays Inn And Banquet,"SM Tower ,Second Floor ,Near Sanatan Ashram ,Kursi Road ",Very Good,4.6,₹3559,64% off,₹1246
171,lucknow,Flagship 5011 Hotel De Park Inn,"Viraj khand road, vigyan khand , Lucknow",Good,3.8,₹2484,77% off,₹555
172,lucknow,OYO 700890 Ram Krishna Palace,"Viraj Khand, Lucknow",Good,3.7,₹1948,68% off,₹614
173,lucknow,OYO 75832 Royal Inn,"Ashiyana, Lucknow",Excellent,3.6,₹1789,68% off,₹564
174,lucknow,Collection O 86163 Hotel Ga Residency,"Vistar Lucknow, Lucknow",Good,4.1,₹2869,80% off,₹568
175,lucknow,Flagship 92315 Khushboo International Hotel,"Vrindavan, Lucknow",,3.6,₹2184,72% off,₹599
176,lucknow,SPOT ON 703117 Mishra Bhawan,"NEAR GOLU CHAURAHA, Lucknow",Good,NEW,₹1905,71% off,₹534
177,lucknow,Collection O 79755 Sai Pink Petal,"Sadar, Lucknow",Good,3.6,₹2011,72% off,₹549
178,lucknow,OYO 703995 Ram International,"6/678 sector 6  Vistar Infront of Mi Rustle court, Lucknow",,NEW,₹1761,65% off,₹616
179,lucknow,Collection O 65386 Hotel Ps International,"Near Latouche Road, Charbagh, Lucknow",Very Good,3.7,₹3577,65% off,₹1252
180,lucknow,Flagship 92692 Star Stay Guest House,"Lucknow, Lucknow",Good,3.9,₹3182,64% off,₹1114
181,lucknow,OYO 23206 Hotel Sky View,"Near Uthrethya Junction, Uteratia, Lucknow",Good,4.3,₹2937,72% off,₹822
182,lucknow,SPOT ON 88954 Samriddhi Inn,"IIFA College, Kalayanpur West Lucknow, U.P., 226022",,1.8,₹2990,79% off,₹599
183,lucknow,Collection O 80480K Hotel Coral Tree,"viraj khand 4 gomtinagar lucknow near singapore mall, Lucknow",Good,NEW,₹1761,68% off,₹555
184,lucknow,Flagship 6793 Hotel Cz,7/3 Chander Nagar Alambagh Chauraha Lucknow.,Good,3.9,₹2352,66% off,₹799
185,lucknow,OYO Flagship 17090 Hotel Orchid,"Near Vinamra Khand, Gomti Nagar, Lucknow",Very Good,4.2,₹2106,73% off,₹564
186,lucknow,OYO Flagship 804920 Ck Inn,"near Multi activety centre , Lucknow",Fair,NEW,₹1761,68% off,₹555
187,lucknow,OYO 77297 Hotel Mauryans,"Near Highcourt, mulaayam nagar sabji mandi,indira nagar lucknow",Good,4.2,₹3216,77% off,₹718
188,lucknow,OYO Flagship 805329 Hotel Rawat Palace,"Near Hagia Institute, Lucknow",,NEW,₹1761,65% off,₹599
189,lucknow,OYO Flagship 702171 Visitor Guest House,"Lucknow, Lucknow",,NEW,₹1902,71% off,₹549
190,lucknow,Collection O 804712 City Centre Hotel,"Cash and Pay Colony, Lucknow",Very Good,NEW,₹4448,65% off,₹1557
191,lucknow,POP 700796 Metro Inn By Hotel Janki,"Shankar Puri, Lucknow",Very Good,3.5,₹1775,68% off,₹559
192,lucknow,OYO 82576 Hotel Devpuri Inn,"Near Utrathiya Chauraha Br Ambedkar University Road Lucknow, Lucknow",Good,4.1,₹3417,65% off,₹1196
193,lucknow,Flagship 74624 As Palace," 5/368 Viraj Khand, Gomti Nagar, Near AMITY School Lucknow",Very Good,3.1,₹1931,68% off,₹608
194,lucknow,OYO Flagship 80464A Hotel Metro View,"infront of Musafir khana, Lucknow",Fair,NEW,₹4154,65% off,₹1454
195,lucknow,Townhouse 1149 Hotel Impact,"viraj khand gomti nagar, Lucknow",Very Good,4.3,₹4634,71% off,₹1298
196,lucknow,Flagship 69004 Mauryan's Guest House,"Near Highcourt, Kamata, Lucknow",Very Good,4.1,₹2557,72% off,₹716
197,lucknow,OYO SilverKey 74219 Guest House,"Sector 7, Vrindavan Colony, Lucknow",Good,3.7,₹2938,71% off,₹823
198,lucknow,Capital O 18375 Jd Palace,"Chinhat, Gomti Nagar, Lucknow",,4.1,₹2474,71% off,₹693
199,lucknow,OYO 29308 Virasat Shaheed Path Inn,"6C/894, Sector 6, Gomti Nagar, Lucknow, Lucknow",Very Good,4.1,₹3249,65% off,₹1137
200,noida,Collection O 701792 Hotel Vibhu Residency,"Salarpur Khadar Noida Uttar PradeshIndia, Noida",Very Good,3.0,₹1472,69% off,₹454
201,noida,OYO 82414 Hotel Basera,"India, Noida",Fair,4.7,₹1761,68% off,₹555
202,noida,OYO Flagship 701737 A One Hotel,"Salarpur Khadar Noida Uttar PradeshIndia201301, Noida",,5.0,₹2011,72% off,₹563
203,noida,OYO Flagship 80488C Arjun Residency House,"Block B, Noida",Excellent,NEW,₹1505,67% off,₹495
204,noida,Collection O 77404 Hotel Balram,"Near Sec 34 Metro Station, C-5 Sec 51 Noida",,4.5,₹2385,71% off,₹668
205,noida,OYO 71053 Av Residency,"Noida, Noida",Excellent,4.5,₹3211,86% off,₹449
206,noida,OYO Townhouse 1053 Hotel The Premier View,"Noida, Noida",Excellent,4.5,₹3471,72% off,₹972
207,noida,OYO 700500 Hotel Small Town,"Sec 45, Noida",Excellent,4.4,₹1775,71% off,₹499
208,noida,OYO Townhouse 1030 Zodiac,"Plot No.2, sector-48 Near Green valley chowk Noida.",Very Good,4.1,₹2894,65% off,₹1013
209,noida,OYO Flagship 702167 The Blanket,"14th Avenue, Noida",Very Good,4.4,₹2022,75% off,₹499
210,noida,Flagship 700760 Hotel Kanha,"near surbhi hospital, Noida",Very Good,4.2,₹2222,72% off,₹622
211,noida,OYO 37169 Hotel Quadis,"BUILDING NO. H-22,BEHIND CLOUDNINE HOSPITAL, SECTOR-51",,3.7,₹3208,82% off,₹549
212,noida,OYO Flagship 703866 Rk Residency,"opposite pillar no 224 hosiyar pur  Near balaji sweet, Noida",Very Good,NEW,₹2368,74% off,₹599
213,noida,Capital O 45709 Peaceful Stays,"Near Sec 59 Metro Station, Sector-71, Noida",Good,4.1,₹2174,71% off,₹609
214,noida,Flagship 700575 Manya Residency,"Sector-31, Noida",,3.6,₹1789,72% off,₹499
215,noida,OYO Townhouse 1071 Hotel Metro Inn Residency,"Uttar Pradesh, Noida",Very Good,4.3,₹3335,71% off,₹934
216,noida,OYO 78869 Palace At Seventy Two,"Sector 72, Noida",Good,4.4,₹2662,64% off,₹932
217,noida,SPOT ON 78763 Raj Hotel Vip,"Gali No. 5, Near Vinayak Hospital, Atta Market, Sector 27 Noida",Very Good,4.6,₹1682,64% off,₹589
218,noida,OYO 84158 DREAM RESIDENCY,"Sector 49, Noida",Very Good,4.0,₹2281,68% off,₹719
219,noida,OYO 84552 Live Ur Style,"Gautam Buddha Nagar, Noida",Excellent,3.7,₹1832,68% off,₹577
220,noida,OYO Flagship 701737 A One Hotel,"Salarpur Khadar Noida Uttar PradeshIndia201301, Noida",Very Good,5.0,₹2011,72% off,₹563
221,noida,SPOT ON 91838 Dream Bed ,"Noida Sector 62, Noida",Good,4.5,₹2179,72% off,₹610
222,noida,OYO 78869 Palace At Seventy Two,"Sector 72, Noida",,4.4,₹2662,64% off,₹932
223,noida,Flagship 700575 Manya Residency,"Sector-31, Noida",Excellent,3.6,₹1789,72% off,₹499
224,noida,OYO Townhouse 1071 Hotel Metro Inn Residency,"Uttar Pradesh, Noida",Very Good,4.3,₹3335,71% off,₹934
225,noida,OYO NOD1139 AVENUE RESIDENCY,SECTOR 102 NOIDA MAINE ROAD F.C.COMPLEX PILLAR NO. 90 SALARPUR,,3.8,₹1761,68% off,₹555
226,noida,OYO 91093 Krishna Residency,"barula sec 49, Noida",Good,4.1,₹1818,68% off,₹573
227,noida,OYO 37169 Hotel Quadis,"BUILDING NO. H-22,BEHIND CLOUDNINE HOSPITAL, SECTOR-51",Very Good,3.7,₹3208,82% off,₹549
228,noida,OYO 701255 Hotel Noida Park,"Near Shyam Dairy, Noida",Good,4.3,₹1789,68% off,₹564
229,noida,Collection O 83192 Comfort Zone,"A-12A, Near 51 Metro Station, Sec 72, Noida",Very Good,4.2,₹2014,74% off,₹509
230,noida,Collection O 76649 BJ Residency,"Near The New Care Hospital Sec 45, Noida",,4.0,₹2539,68% off,₹800
231,noida,OYO Flagship 702167 The Blanket,"14th Avenue, Noida",Good,4.4,₹2022,75% off,₹499
232,noida,Flagship 700025 Gupta Residency,"Sector -117, Noida",Very Good,3.6,₹1820,69% off,₹559
233,noida,OYO Townhouse 1077 Hotel travel time,"Street No.2, Near SS Grand Party lawn Sector-70 Noida",Very Good,4.2,₹2122,68% off,₹669
234,noida,Collection O 82851 Shubham Residency-moca,"CB-3/3, Sector 44",Very Good,4.4,₹3029,68% off,₹954
235,noida,OYO 84552 Live Ur Style,"Gautam Buddha Nagar, Noida",Very Good,3.7,₹1832,68% off,₹577
236,noida,OYO Townhouse 1034 The Horizon Inn,"201313, Noida",Good,4.2,₹2693,75% off,₹669
237,noida,OYO 89896 Hotel Happy Stay,"Plot .no Jh01 Near Gate Number 3 Landmark Supertech Apartment Sector117 Noida Up 201801, Noida",,4.4,₹1932,73% off,₹510
238,noida,OYO 85100 Ak Residency 2,"Gautam Buddha Nagar, Noida",Very Good,4.1,₹1805,68% off,₹569
239,noida,Collection O 703870 Hotel Noida Inn,"noida Block A, Noida",Very Good,5.0,₹1789,68% off,₹564
240,noida,OYO 62106 Royal Residency,"Near NAAN Factory, Wazidpur, Noida",Good,4.7,₹3672,65% off,₹1285
241,noida,OYO 75632 Primrose Hotel's,"Gautam Buddha Nagar, Noida",Very Good,3.8,₹1789,72% off,₹501
242,noida,OYO 701508 Hotel Pinaki Stay,"Basai, Noida",Very Good,4.9,₹1761,71% off,₹499
243,noida,SPOT ON 91458 Rahul Guest House,"Morna, Noida",Very Good,4.2,₹1518,70% off,₹450
244,noida,Capital O 80703 Kanha Guest House,"J K Place Roza Jalalpur G Noida West U .p, Noida",,4.2,₹2518,72% off,₹705
245,noida,OYO 701269 Royal View,"Bank of Maharashtra B Block Sector 51 Near 34 Metro Station, Noida, U.P.",,4.5,₹1994,75% off,₹493
246,noida,OYO Flagship 703833 Happiness Hotel,"A block, Noida",Excellent,NEW,₹1761,68% off,₹555
247,noida,Capital O 45709 Peaceful Stays,"Near Sec 59 Metro Station, Sector-71, Noida",Good,4.1,₹2174,71% off,₹609
248,noida,OYO 78781 Ratiram Hotel,"Near Sector 18 Metro Noida Uttar Pradesh, Noida",,4.0,₹2715,65% off,₹950
249,noida,OYO Flagship 80488C Arjun Residency House,"Block B, Noida",Very Good,NEW,₹1505,67% off,₹495
250,noida,Collection O 701792 Hotel Vibhu Residency,"Salarpur Khadar Noida Uttar PradeshIndia, Noida",Very Good,3.0,₹1472,69% off,₹454
251,noida,OYO 86324 Hotel Soho 2.0,"Sector 33 Noida, Noida",Excellent,4.5,₹2701,65% off,₹945
252,noida,"Collection O 75552 Le Noida Hotel, Near Sector 76 Metro Station.","Near Hanuman Temple, Hanuman Vihar, Sector 49, Noida",,4.1,₹3691,65% off,₹1292
253,noida,Flagship 84856 Hotel Krishna Stays,"Gautam Buddha Nagar, Noida",Very Good,3.6,₹1761,72% off,₹493
254,noida,OYO 701795 Hotel Dream Palace,"block sk-168 sector 116, Noida",,4.5,₹2339,72% off,₹655
255,noida,OYO 92721 Hotel Royal Palace Noida,"Sec 63 A, Noida",,4.1,₹1775,65% off,₹621
256,noida,Collection O 85337 Earth View Residency,"Noida, Noida",,4.5,₹3017,71% off,₹845
257,noida,Flagship 700158 Hotel Signature 2.0,"Sec-66 Noida (In House Restaurant), Noida",Very Good,3.2,₹1775,68% off,₹559
258,noida,Flagship 83783 Hotel D S Palace,"Gautam Buddha Nagar, Noida",Fair,4.3,₹3308,64% off,₹1158
259,noida,Flagship 700760 Hotel Kanha,"near surbhi hospital, Noida",Excellent,4.2,₹2222,72% off,₹622
260,noida,OYO Flagship 13278 Hotel Sunshine,"Near Labour Chowk, Opp. Sector 57, Noida",Very Good,3.5,₹3858,85% off,₹549
261,noida,OYO 700954 Hotel Jp Residency,"Pocket E, Noida",Good,4.4,₹1460,58% off,₹599
262,noida,SPOT ON 80475D Hotel Palak ,"Rajeev Vihar khora Colony sector 62a near by anil Property, Noida",Excellent,NEW,₹1725,64% off,₹604
263,noida,OYO 80522C Isha East,"khora colony near by labour chock, Noida",Very Good,NEW,₹2064,70% off,₹599
264,noida,OYO Flagship 71193 NG Palace 2,"Near City Neter Metro Station, Sector 41, Noida",Excellent,3.1,₹1761,68% off,₹555
265,noida,OYO Flagship 90260 Hotel Haweli Inn,"Sector-73, Noida",Fair,4.0,₹1996,71% off,₹559
266,noida,OYO 10663 TRIAGE HOME STAY,"On main street, Near Fortis Hospital, Sector 62, Noida",Very Good,4.4,₹2789,72% off,₹781
267,noida,OYO 42405 Hotel Diamond,"Sector 62, Noida",Very Good,3.9,₹2377,71% off,₹666
268,noida,OYO Townhouse 1030 Zodiac,"Plot No.2, sector-48 Near Green valley chowk Noida.",Good,4.1,₹2894,65% off,₹1013
269,noida,OYO 78247 Crown Inn,"Near chauhan dhaba, Main dadri road",Very Good,4.0,₹2614,72% off,₹732
270,noida,Flagship 83518 Angel Corporate Suites,"Gautam Buddha Nagar, Noida",Fair,4.1,₹1787,77% off,₹399
271,noida,OYO 702862 Afreen Residency,"BH 83  Sector 70 Noida, Noida",Very Good,NEW,₹2339,76% off,₹549
272,noida,OYO 19536 New Apple Pie,"On main street, Near Bio Fitness Gym, Sector 66, Noida",,3.8,₹2508,68% off,₹790
273,noida,OYO Townhouse 390 The Madhav Sector 58 Noida,"Sector 58, Noida",,3.9,₹3972,72% off,₹1112
274,noida,OYO Flagship 64950 Hotel Royal Plaza,"Near labour chowk, Brijesh Tower, Khora Main Road, Noida",Very Good,3.6,₹1789,69% off,₹549
275,noida,OYO 84158 DREAM RESIDENCY,"Sector 49, Noida",Good,4.0,₹2281,68% off,₹719
276,noida,Capital O 84803 Diamond 18,"Gautam Buddha Nagar, Noida",Very Good,4.0,₹2202,64% off,₹771
277,noida,OYO Flagship 983 OYO Townhouse Hotel Sunshine,"Noida-, Noida",Very Good,4.0,₹2737,65% off,₹958
278,noida,OYO 10661 Dsr Classic,"Near Mother Dairy, Sec 12  Plot No-H 101, Noida",,4.1,₹2719,70% off,₹799
279,noida,Collection O 77172 Elegant Stay Fortis Hospital,"Bh-01 Elegent Stays Sector 62 Noida, Noida",Very Good,4.1,₹2167,60% off,₹849
280,noida,Collection O 92208 Bmg Mount Olympus ,"PK19 sector 122, Noida",Good,3.1,₹1775,69% off,₹549
281,noida,OYO Flagship 703866 Rk Residency,"opposite pillar no 224 hosiyar pur  Near balaji sweet, Noida",Good,NEW,₹2368,74% off,₹599
282,noida,OYO SILVERKEY EXECUTIVE 39733 RC164 NOIDA-62,"Near Labour Chowk, Khora Colony, Noida",,3.9,₹2458,72% off,₹688
283,noida,Collection O 78374 Collection O Essendi Hospitalities Llp,"Sector 19, Noida",,3.9,₹4419,71% off,₹1238
284,noida,Flagship 700838 Premium Hotel,"201303, Noida",Good,3.6,₹1775,72% off,₹497
285,noida,OYO Flagship 805022 Dream Palace Inn,"Bhangel, Noida",Very Good,NEW,₹2064,65% off,₹722
286,noida,Collection O 15516 J S Garden,"Near Oracle, J S Garden, Noida",Very Good,3.3,₹3114,65% off,₹1090
287,noida,OYO Townhouse 590 Sector 66 Noida,"Near RK Public School, Sector 66, Noida",Very Good,4.0,₹3468,64% off,₹1214
288,noida,OYO 29565 Ra Felicity Inn,"Near Surbhi Hospital, Opposite Pillar No. 205, Sector 35 Noida",,2.6,₹1761,54% off,₹799
289,noida,OYO Flagship 63338 Da Adda 18,"Noida, Noida",Very Good,3.8,₹4001,65% off,₹1400
290,noida,OYO Townhouse 79643 Oyo Townhouse Hotel Merriment,"Sector 70, Noida",Very Good,3.9,₹2108,57% off,₹899
291,noida,Capital O 75020 Noida Stay 62,"Near Bus Stand, Sector 62, Noida",Fair,3.8,₹3439,72% off,₹963
292,noida,Collection O 701064 Hotel Divine Inn,"Sec121, Noida",Good,4.3,₹2595,71% off,₹727
293,noida,POP IAE488  Happy Hotel Taj Highway,"Siddharth Vihar, Noida",,NEW,₹1761,68% off,₹555
294,noida,OYO 74656 Hotel Quadis,"Opposite Priya gold building, main road, sector 15, Noida",Good,3.9,₹2312,65% off,₹809
295,noida,OYO Townhouse 588 Noida Sector 71,"Near A square mall ,Sector 70, Noida.",,3.9,₹2542,62% off,₹949
296,noida,OYO Flagship 80483 Av Hotels,"Chhapraula Industrial Area, Near Roza Jalalpur Railway Crossing, Opposite Gautam Dharm Kanta, Bisrakh Road Nearby Samtal company, Gautam Budh Nagar",Good,NEW,₹1761,68% off,₹555
297,noida,OYO 67602 Cladis,"Near Sec 16 Metro station, Sector 15, Noida",Fair,3.5,₹2592,71% off,₹726
298,noida,OYO 701905 Diamond Inn,"House Number 12  Garhi Chaukhandi, Noida",Very Good,NEW,₹1761,72% off,₹493
299,noida,OYO Townhouse 333 Sector 121 Noida,"Near Sector 121, Garhi Chaukhandi, Noida",,3.9,₹3357,65% off,₹1175
300,hyderabad,OYO 14669 Mayur's Residency,"Near Sri Krupa Market, Malakpet, Hyderabad",Fair,4.0,₹2618,78% off,₹554
301,hyderabad,OYO Flagship 704007 Hotel Ashoka Classic,"Hyderabad, Hyderabad",,NEW,₹2426,74% off,₹616
302,hyderabad,OYO 91284 Ambica Lodge,"Punjagutta, Hyderabad",Good,3.5,₹3715,81% off,₹699
303,hyderabad,Capital O 85402 Sri Sai Regency,"Chikkadpally, Hyderabad",Good,3.8,₹2354,72% off,₹659
304,hyderabad,OYO 49253 Raja Residency,"Near Raja Deluxe Complex, Musheerabad, Hyderabad",Good,4.2,₹3102,71% off,₹869
305,hyderabad,OYO Flagship 702702 Hotel Akshaya Residency,"Hyderabad, Hyderabad",Very Good,4.6,₹1922,72% off,₹538
306,hyderabad,OYO 6651 Hotel Srujana Stay Inn,"Nampally, Hyderabad",Good,4.0,₹2539,72% off,₹711
307,hyderabad,OYO HYD1516 Hotel Aroma Classic,"Ghosha Mahal, Hyderabad",Good,4.1,₹2205,76% off,₹513
308,hyderabad,OYO 24204 Nav Bharath Residency,"Near Central Gurudwara Saheb, Gowliguda, Hyderabad",Good,4.3,₹3168,72% off,₹887
309,hyderabad,Capital O 15959 The City Park,"Near The City Park, Chirag AlicLane, Hyderabad",Good,3.8,₹3642,71% off,₹1020
310,hyderabad,OYO 70927 Hotel Hyderabad Continental,"Near Tarakarama Theatre, Sultan Bazar, Hyderabad",Very Good,3.8,₹2757,65% off,₹965
311,hyderabad,OYO Townhouse White Ridge 112 Shivam Road,"New Nallakunta, Hyderabad",Good,4.1,₹5325,72% off,₹1491
312,hyderabad,OYO Flagship 80484 Simra Relax Inn,"Hyderabad, Hyderabad",,NEW,₹2584,65% off,₹904
313,hyderabad,OYO 17168 Hz Lodge,"Near Julu Khana Parking, Charminar, Hyderabad",Good,4.1,₹2858,75% off,₹714
314,hyderabad,OYO SilverKey 74144 Himayat Nagar Circle,"Narayanguda, Hyderabad",,3.6,₹4491,71% off,₹1258
315,hyderabad,OYO 86305 Hotel Aroma Classic,"15-1-309 Feelkhana Near Acharaya Bhavan Baba Ramdav Mandir Bagum Bazar Hyderabad, Hyderabad",Very Good,4.0,₹3242,87% off,₹399
316,hyderabad,Capital O 9796 Hotel Alekhya Residency,"Near Global Hospital, Saifabad, Hyderabad",Excellent,4.0,₹3985,71% off,₹1116
317,hyderabad,SPOT ON 80459 Deccan Residency,"Punjagutta, Hyderabad",Very Good,NEW,₹1901,68% off,₹599
318,hyderabad,Collection O 3169 Hotel Lotus Grand,"Secunderabad, Hyderabad",Very Good,3.9,₹4057,72% off,₹1136
319,hyderabad,Capital O 44585 Sri Suprabhat Grand,"Nera Venkataramana Theater, Hyderabad",Very Good,4.0,₹4618,72% off,₹1293
320,hyderabad,OYO Flagship 704007 Hotel Ashoka Classic,"Hyderabad, Hyderabad",Good,NEW,₹2426,74% off,₹616
321,hyderabad,SPOT ON 81308 Gokul Residency,"Near Ganesh temple, opp. Rathifile bus stand, Secunderabad - 500025",Good,3.3,₹2320,82% off,₹399
322,hyderabad,Capital O 9796 Hotel Alekhya Residency,"Near Global Hospital, Saifabad, Hyderabad",Very Good,4.0,₹3985,71% off,₹1116
323,hyderabad,OYO 35467 Shiridi Residency,"Near Chermas, Abids, Hyderabad",Very Good,4.8,₹4811,65% off,₹1684
324,hyderabad,OYO 68409 Hotel Metro International,"Near LB Stadium, Fateh Maidan, Abids, Hyderabad",Good,3.6,₹2831,71% off,₹793
325,hyderabad,OYO 22907 Hotel Holiday,"M.G Road, Near Rani Gunj X road, Opp. Punjab National Bank, Secunderabad, Hyderabad",Very Good,4.2,₹2942,71% off,₹824
326,hyderabad,OYO Flagship 80484 Simra Relax Inn,"Hyderabad, Hyderabad",Very Good,NEW,₹2584,65% off,₹904
327,hyderabad,SPOT ON 69484 Hotel Rk Residency,"Near Jaam Bagh, Hindustani Lane, Hyderabad",Good,3.4,₹1456,72% off,₹400
328,hyderabad,OYO Townhouse  RCC Elite 265 Begumpet,"Opp To J s Babu Silks, Hyderabad",Very Good,4.6,₹5665,72% off,₹1586
329,hyderabad,OYO 75390 Bhavani Rest Rooms,"500025, Hyderabad",Fair,3.5,₹1658,68% off,₹522
330,hyderabad,Capital O 30955 Alpine Glow Pinnacle,"Near Veg Market, Bowenpally, Hyderabad",Very Good,4.4,₹3674,71% off,₹1029
331,hyderabad,SPOT ON 80478 Hotel Baba Classic,"Hyderabad, Hyderabad",Excellent,3.2,₹1347,68% off,₹424
332,hyderabad,OYO Townhouse 600 Gangothri,Near RP Road BUS STOP,Good,4.4,₹6015,72% off,₹1684
333,hyderabad,SPOT ON 81775 Mohit Gokul Lodge New Room's,"Near To Secunderbad East Metro Rail Station, Hyderabad",Very Good,3.5,₹2424,78% off,₹510
334,hyderabad,Capital O 11079 Hotel Prestige,"Centrally Located, Near Sun Shine Hospital, Paradise Road, Hyderabad",Fair,4.4,₹5218,72% off,₹1461
335,hyderabad,OYO Townhouse 269 RCC Sunrise,"Near Begumpet lifestyle, Kundanbagh Colony, Hyderabad",Excellent,4.6,₹5808,72% off,₹1626
336,hyderabad,Capital O 4520 Hotel Central Park,"Hyderguda, Hyderabad",Good,4.2,₹4839,72% off,₹1355
337,hyderabad,OYO 702565 Hotel Shyam,"India, Hyderabad",Very Good,2.8,₹3206,81% off,₹604
338,hyderabad,OYO 40852 Hotel White Ridge,"Near Dilsukhnagar metro station, Krishna Nagar, Hyderabad.",Fair,4.3,₹4431,65% off,₹1551
339,hyderabad,OYO 88286 Hotel Padmini,"Lakdikapul, Hyderabad",Very Good,3.7,₹2971,72% off,₹832
340,hyderabad,Flagship 76333 Relax Grand,"Secunderabad Mandal, Hyderabad",Good,4.0,₹2625,72% off,₹735
341,hyderabad,OYO 82030 Hotel Happy Rooms,"Secundrabad, Hyderabad",Very Good,3.3,₹2741,79% off,₹555
342,hyderabad,Capital O 44585 Sri Suprabhat Grand,"Nera Venkataramana Theater, Hyderabad",Excellent,4.0,₹4618,72% off,₹1293
343,hyderabad,SPOT ON 703504 Gokul Lodge,"India Hyderabad TelanganaIndia, Hyderabad",Very Good,1.6,₹1544,70% off,₹454
344,hyderabad,OYO 70733 Hotel Regal,"M.g Road, Hyderabad",Fair,3.7,₹2610,76% off,₹623
345,hyderabad,SPOT ON 80459 Deccan Residency,"Punjagutta, Hyderabad",Very Good,NEW,₹1901,68% off,₹599
346,hyderabad,OYO 91284 Ambica Lodge,"Punjagutta, Hyderabad",Good,3.5,₹3715,81% off,₹699
347,hyderabad,Capital O 23543 Hotel Vaishnavi,"Near Csi Wesley Church, Paras Towers, Hyderabad",Very Good,4.2,₹4027,71% off,₹1128
348,hyderabad,OYO 70927 Hotel Hyderabad Continental,"Near Tarakarama Theatre, Sultan Bazar, Hyderabad",Fair,3.8,₹2757,65% off,₹965
349,hyderabad,Flagship 77043 Malkajgiri,"Malkajgiri, Hyderabad",Very Good,4.2,₹4195,71% off,₹1175
350,hyderabad,OYO 13300 Hotel New Platinum,"Saleemnagar Colony, Malakpet, Hyderabad",Fair,3.4,₹2756,65% off,₹939
351,hyderabad,SPOT ON 82436 Gopi Mini Guest House,"Erragadda, Hyderabad",Good,4.3,₹1456,72% off,₹406
352,hyderabad,Townhouse OAK Hotel Belsons Taj Mahal,"Near Swapnalok Complex, Patny Centre, Hyderabad",Good,4.4,₹6528,72% off,₹1828
353,hyderabad,OYO 68404 Sa Thirumala Residency,"Near VRK Silks, Himayatnagar, Hyderabad",Very Good,3.8,₹3578,72% off,₹1002
354,hyderabad,SPOT ON 80753 Sri Sai Amaravathi Lodge,"Opposite to metro pillar number A1115, near NIMS, Punjagutta, Hyderabad",Good,3.4,₹2557,68% off,₹805
355,hyderabad,Capital O 15959 The City Park,"Near The City Park, Chirag AlicLane, Hyderabad",Very Good,3.8,₹3642,71% off,₹1020
356,hyderabad,Flagship 77115 Hotel Vaishnavi Palace,"#2-4-133 Beside KFC, Mahatma Gandhi Rd, Secunderabad, Telangana, Hyderabad",Fair,4.1,₹3879,64% off,₹1358
357,hyderabad,OYO 15140 Hotel Priya Residency,"Near Raniganj, MG Road, Hyderabad",Very Good,3.9,₹3571,72% off,₹1000
358,hyderabad,OYO Townhouse 164 ESI Hospital,"Sanath Nagar, Hyderabad",Very Good,4.5,₹6869,65% off,₹2404
359,hyderabad,OYO 84238 Hotel Ragas Elite,"500068, Hyderabad",Good,3.7,₹2562,75% off,₹620
360,hyderabad,OYO Home 79961 Comfortable Stays,"Karan Bagh, Hyderabad",Fair,3.9,₹3599,64% off,₹1260
361,hyderabad,OYO 26883 Vasundhara Guest House,"Near Bombay Hotel, Hyderabad",Good,3.9,₹2758,72% off,₹772
362,hyderabad,OYO Townhouse 359 Begumpet,"Vinn Hospital, Begumpet, Hyderabad",Very Good,4.4,₹7222,65% off,₹2528
363,hyderabad,Flagship 76655 Goldhorn Hotels Mehdipatnam,"Mehdipatnam, Hyderabad",,4.2,₹4888,71% off,₹1369
364,hyderabad,Flagship 67479 Alpine Glow Zenith,"Near Malani Colony, Bowenpally, Hyderabad",Good,4.2,₹3292,71% off,₹922
365,hyderabad,OYO 10139 Hotel Palak Residency,"Metro Pillar no: A947, 2nd Floor, Beside Erragadda Metro Station, Above Bajaj Showroom, Hyderabad",Excellent,4.0,₹4454,72% off,₹1247
366,hyderabad,Flagship 75519 White Ridge,"Near Sai Sanjeevani Hospital, Huda Colony, Hyderabad",Good,4.0,₹3752,65% off,₹1313
367,hyderabad,OYO 78865 Raga Stays,"Beside Reliance Trends , LB Nagar Circle ,LB Nagar , Hyderabad",Good,3.7,₹1789,68% off,₹564
368,hyderabad,OYO Home 83984 Peaceful Stay Villa,"India Hyderabad, Hyderabad",Good,3.0,₹2424,73% off,₹642
369,hyderabad,OYO 74184 Hotel Meredian,"TelanganaIndia500002, Hyderabad",Very Good,3.7,₹2925,64% off,₹1024
370,hyderabad,Collection O 81203 Shining Suites,"Near Erragadda Metro, Hyderabad",Very Good,3.5,₹1878,68% off,₹592
371,hyderabad,SPOT ON 70822 Pnd Complex,"India, Hyderabad",Very Good,3.8,₹2149,70% off,₹637
372,hyderabad,OYO Townhouse 81794 Banjara Hills,"Masab Tank, Hyderabad",Very Good,3.8,₹5325,72% off,₹1491
373,hyderabad,OYO 30665 Sruan Inn,"Abhyudaya Nagar, Hyderabad",Very Good,3.4,₹2518,72% off,₹699
374,hyderabad,OYO Flagship 805121 Royal Galaxy Lodge,"India - 500012, Hyderabad",Good,NEW,₹2971,64% off,₹1040
375,hyderabad,OYO Townhouse RCC Majestic 397 LB Nagar,"Champapet, Hyderabad",Fair,4.7,₹8147,65% off,₹2851
376,hyderabad,OYO SilverKey 74144 Himayat Nagar Circle,"Narayanguda, Hyderabad",,3.6,₹4491,71% off,₹1258
377,hyderabad,Collection O 68920 Hotel V Square,"Near Nampally Metro Station, Abids South, Hyderabad",Good,3.9,₹4014,65% off,₹1405
378,hyderabad,OYO 87972 City Holiday,"Rangareddy, Hyderabad",Good,4.1,₹4448,65% off,₹1557
379,hyderabad,OYO 89107 Royal Stay,"Telangana, Hyderabad",Good,4.4,₹3652,65% off,₹1278
380,hyderabad,OYO Home 79924 Pramod Prime Homes,"Nagole, Hyderabad",Good,4.3,₹3112,65% off,₹1089
381,hyderabad,Collection O 3169 Hotel Lotus Grand,"Secunderabad, Hyderabad",Fair,3.9,₹4057,72% off,₹1136
382,hyderabad,Capital O 65104 Che Sigma Hotel,"Near Narayana High School, Chinthalkunta, Hyderabad",Excellent,3.8,₹3658,74% off,₹949
383,hyderabad,Flagship 75711 Kachiguda Railway Station,"Near Kumar Theatre, Kachiguda, Hyderabad",Good,3.5,₹4438,71% off,₹1243
384,hyderabad,OYO 14726 Hotel Vaishnavi Park,"Near Monda Market, Shivaji Nagar, Hyderabad",Good,3.7,₹3589,72% off,₹1005
385,hyderabad,OYO 82310 Holiday Inn,"Telangana, Hyderabad",Very Good,4.1,₹4659,71% off,₹1305
386,hyderabad,OYO Townhouse White Ridge 112 Shivam Road,"New Nallakunta, Hyderabad",Very Good,4.1,₹5325,72% off,₹1491
387,hyderabad,OYO Townhouse 1065 Hotel S Continental,"Nampally Mandal, Hyderabad",Very Good,3.6,₹4462,64% off,₹1562
388,hyderabad,Flagship 75583 Thatipally Mansion,"Kothapet., Hyderabad",Good,4.0,₹4477,65% off,₹1567
389,hyderabad,OYO Townhouse 196 De Alphabet,"Near Sai Baba Temple, Gudimalkapur, Hyderabad",Good,4.2,₹5109,71% off,₹1431
390,hyderabad,OYO 91495 Hotel Vijay Laxmi Residency,Erragadda Metro Station,Good,4.0,₹3035,68% off,₹956
391,hyderabad,Collection O 42514 Banjara Hills,"Near Aasha hospital, Venkat Nagar, Hyderabad",Good,4.3,₹6497,65% off,₹2274
392,hyderabad,OYO 701448 Heavens Inn,"500003, Hyderabad",Very Good,4.2,₹4671,72% off,₹1308
393,hyderabad,OYO Flagship 80468 Hotel R Square,"Dilsukhnagar, Hyderabad",Very Good,3.1,₹2888,64% off,₹1011
394,hyderabad,OYO 11316 Athithi Inn,"Near Maithrivanam Complex, Ameerpet, Hyderabad",Good,3.7,₹4302,71% off,₹1205
395,hyderabad,Collection O 9386 Hotel Happy Stay,"Near ICICI Bank, Begumpet, Hyderabad",Very Good,3.8,₹3771,72% off,₹1056
396,hyderabad,OYO 88350 Hanuma Residency,Behind OZONE Hospital,,3.9,₹3585,64% off,₹1255
397,hyderabad,OYO 84232 Hotel Lavish Stay,"LB Nagar Siris Road, St.Alphonsa Grammar School Kaman,Above Bhuvesh Hospital,Hyderabad,500074",Very Good,3.6,₹3039,72% off,₹851
398,hyderabad,OYO 89833 Devi Residency,"Secunderabad, Hyderabad",Very Good,3.8,₹3122,64% off,₹1093
399,hyderabad,SPOT ON 804524 Sri Sai Lohith Lodge,"Red Cross Road, Hyderabad",Very Good,3.2,₹2212,65% off,₹774
400,kolkata,Townhouse Oak Hotel Lake View Royal ,"East Topsia Road, Kolkata",Very Good,4.2,₹3538,75% off,₹881
401,kolkata,OYO Flagship 703330 Om Shanti Plaza,"Near Croma Showroom, Kolkata",Fair,4.8,₹2191,72% off,₹599
402,kolkata,Collection O 7741 Hotel Hamza International,"Near College Street, MG Road, Kolkata",Good,4.3,₹3857,72% off,₹1080
403,kolkata,OYO Flagship 702206 Hotel Bypass Inn,"Netaji Nagar, VIP Nagar, Near Netaji Sporting Club, EM Bypass ",Good,4.8,₹2218,68% off,₹699
404,kolkata,Flagship 701333 Shree International,"Action Area I, Kolkata",Good,4.8,₹2243,76% off,₹527
405,kolkata,OYO Flagship 804939 Dream Palace Inn,"Kolkata, Kolkata",Good,5.0,₹2369,65% off,₹829
406,kolkata,OYO Flagship 703019 Dk Recedency,"Kolkata-700064, Kolkata",Good,4.7,₹2517,65% off,₹881
407,kolkata,OYO 701502 Roomssolution,"Salt Lake Sector :2, Kolkata",Fair,3.2,₹1867,67% off,₹599
408,kolkata,OYO 48739 Fantasy Stay,"Near Sector 1, Bidhan Nagar, Kolkata",Very Good,3.7,₹2560,80% off,₹499
409,kolkata,OYO Home 78050 Cozy Studio Collage Square Hotel Maya International,Near city college Opp 68 Satsang Ashram Kolkata,Excellent,4.1,₹3491,71% off,₹978
410,kolkata,OYO Townhouse 229 Hotel Mannat International,"Near Bypass Connector, Kolkata",Very Good,4.4,₹3665,67% off,₹1199
411,kolkata,Collection O 78897 Collection O Ketan Regency,953 Purbachal Road adapt House Prince Park Kalikapur (in lane between Tata chroma showroom & Yamaha Moters Showroom,Excellent,4.3,₹3962,79% off,₹799
412,kolkata,Flagship 76077 Adri Hotels 2,"Near ILS Hospitals Dum Dum Nagerbazar Opposite Bhutan House, Kolkata",Excellent,4.4,₹3171,72% off,₹888
413,kolkata,Flagship 701182 The Nest Inn,"Near Raj Market, Kolkata",,4.5,₹3179,72% off,₹890
414,kolkata,Flagship 74922 Penguin Homes,"Beside Yogayog Bhavan, Kolkata",Excellent,4.4,₹4988,65% off,₹1746
415,kolkata,OYO Flagship 36740 Kohinoor International Lodge,"Near Sealdah Railway Station, Baithakkhana, Kolkata",Fair,2.6,₹3154,69% off,₹963
416,kolkata,OYO Flagship 703885 R A Homestay,"nitai nagar, Kolkata",Good,5.0,₹2357,68% off,₹742
417,kolkata,Flagship 701567 Dark N Dreams,"Near Dhan Math, Kolkata",Very Good,3.9,₹2928,71% off,₹820
418,kolkata,Flagship 701196 Sonar Bangla Guest House,"Near G s t Bhawan, Kolkata",Very Good,4.4,₹2137,71% off,₹599
419,kolkata, Townhouse OAK Kzar Corporate Hotel,"Sealdah - Entally, Kolkata",Very Good,4.5,₹7514,72% off,₹2104
420,kolkata,OYO 48739 Fantasy Stay,"Near Sector 1, Bidhan Nagar, Kolkata",Very Good,3.7,₹2560,80% off,₹499
421,kolkata,Flagship 701196 Sonar Bangla Guest House,"Near G s t Bhawan, Kolkata",Excellent,4.4,₹2137,71% off,₹599
422,kolkata,OYO Flagship 702206 Hotel Bypass Inn,"Netaji Nagar, VIP Nagar, Near Netaji Sporting Club, EM Bypass ",Very Good,4.8,₹2218,68% off,₹699
423,kolkata, Townhouse OAK Kzar Corporate Hotel,"Sealdah - Entally, Kolkata",Fair,4.5,₹7514,72% off,₹2104
424,kolkata,Flagship 79850 Flagship Majestic Inn,"South Dumdum, Kolkata",,3.9,₹2575,68% off,₹799
425,kolkata,OYO SilverKey 76015 Deshapriya Park,"Near EDEN GROUP BUILDING, Manoharpukur, Kolkata",,4.4,₹4668,72% off,₹1307
426,kolkata,SPOT ON 27697 Trisha Guest House,"Behind New Life Nurshing Home, Oppssite Arati cinema, Sahabagan, Kolkata",Good,4.3,₹2854,72% off,₹799
427,kolkata,Townhouse OAK 92847 Hotel Glorious Palace,"Near Topsia More, beside Roshan Garden & Orchid Banquet, Science City area, Kolkata",Very Good,4.3,₹4864,72% off,₹1314
428,kolkata,OYO Flagship 703019 Dk Recedency,"Kolkata-700064, Kolkata",Excellent,4.7,₹2517,65% off,₹881
429,kolkata,OYO Flagship 86727 New Diamond Palace,"West Bengal 700107., Kolkata",,4.3,₹2057,68% off,₹648
430,kolkata,Collection O 82726 Stayhub Inn,"West Bengal Kolkata West BengalIndia, Kolkata",Good,4.3,₹4669,72% off,₹1267
431,kolkata,OYO Townhouse 1050 Centre Point Inn,"Esplanade Row East Beside K. c Das Sweet Esplanade Post Office, Kolkata",Very Good,4.3,₹6097,65% off,₹2134
432,kolkata,Flagship 9662 Kajali Guest House,"Near Bosepukur, Kasba, Kolkata",,1.7,₹2314,75% off,₹559
433,kolkata,Flagship 79536 Hotel Rockstar,Kolkata Opposite Bangladesh High Commission) Near A.J.C Bose Flyover,Excellent,4.1,₹3948,71% off,₹1106
434,kolkata,Townhouse OAK Kzar Select,"700017, Kolkata",Excellent,4.3,₹5594,65% off,₹1958
435,kolkata,OYO Flagship 804884 Santi Guest House,"Bidhannagar, Kolkata",Good,NEW,₹3447,68% off,₹1086
436,kolkata,Flagship 76077 Adri Hotels 2,"Near ILS Hospitals Dum Dum Nagerbazar Opposite Bhutan House, Kolkata",Very Good,4.4,₹3171,72% off,₹888
437,kolkata,OYO 14373 Comfort Stays,"Rajarhat, Kolkata",Very Good,4.0,₹2289,78% off,₹497
438,kolkata,Flagship 88172 Vip Inn Guest House,"North 24 Parganas, Kolkata",Very Good,2.9,₹2716,79% off,₹559
439,kolkata,SPOT ON 702888 Diya Guest House,"Opposite Baguihati Smart Bazar, Kolkata",Excellent,4.1,₹1442,68% off,₹454
440,kolkata,OYO Flagship 36740 Kohinoor International Lodge,"Near Sealdah Railway Station, Baithakkhana, Kolkata",Very Good,2.6,₹3154,69% off,₹963
441,kolkata,Collection O 85210 Bricks Inn Hazra Road,"Opposite Hotel Swagath, Kolkata",,4.2,₹2876,65% off,₹1005
442,kolkata,Flagship 74169 Mourigram Near Andul Rd,"Howrah, Kolkata",Very Good,4.0,₹2908,72% off,₹814
443,kolkata,OYO 8812 White Palace Hotel & Resort New Alipore,"Opposite New Alipore Residency,  Near New Alipore Petrol Pump",Very Good,4.0,₹4182,85% off,₹599
444,kolkata,Collection O 78897 Collection O Ketan Regency,953 Purbachal Road adapt House Prince Park Kalikapur (in lane between Tata chroma showroom & Yamaha Moters Showroom,Fair,4.3,₹3962,79% off,₹799
445,kolkata,Collection O 90950 The Eden,"Ward 107, Kolkata",Very Good,3.7,₹2354,79% off,₹493
446,kolkata,SPOT ON 69078 New Maa Tara Guest House,"Near Sealdah railway station, Sealdah, Kolkata",Very Good,3.5,₹3062,68% off,₹965
447,kolkata,OYO 92265 Hotel Luxury Stay,"288/2, Block- B, Binoy Krishna Bhawan, Bangur Avenue, Kolkata, 700055",Very Good,3.7,₹2100,73% off,₹559
448,kolkata,Flagship 81584 Hotel Swagatam,"Rajarhat, Kolkata",Very Good,3.6,₹2522,80% off,₹493
449,kolkata,OYO Flagship 701555 Pindara Guest House,"Kolkata, Kolkata",Fair,4.0,₹2069,71% off,₹580
450,kolkata,Flagship 78267 Flagship City Inn,Avisar Spencer Kalikapur,Very Good,2.9,₹1789,68% off,₹564
451,kolkata,Flagship 37100 Apan Guest House,"Near Mukundapur  Bus Stop R.N Tagore Institute of Cardiac Sciences, Narayana Health, Kolkata",Fair,3.6,₹2108,72% off,₹590
452,kolkata,OYO 88202 Starlight Guest House,"Kolkata, Kolkata",Very Good,3.8,₹1905,69% off,₹577
453,kolkata,Flagship 701182 The Nest Inn,"Near Raj Market, Kolkata",Very Good,4.5,₹3179,72% off,₹890
454,kolkata,Flagship 74641 Delightful Stay Em Byepass,"Uttar Panchanna Gram, Kolkata",Very Good,4.0,₹4801,72% off,₹1344
455,kolkata,Flagship 90948 Hotel Dream Residency,"Jangra, Kolkata",Very Good,3.8,₹2305,74% off,₹599
456,kolkata,OYO 701502 Roomssolution,"Salt Lake Sector :2, Kolkata",Good,3.2,₹1867,67% off,₹599
457,kolkata,Collection O 82694 Aafreen Tower,"Esplanade, Kolkata",Good,4.0,₹5159,64% off,₹1806
458,kolkata,Flagship 1865 Hotel Trivedi International,"Tagore Park, Kolkata",Good,3.9,₹2986,81% off,₹555
459,kolkata,OYO Flagship 701972 Shree Corporate,"Sector V, Kolkata",Good,4.3,₹2615,65% off,₹915
460,kolkata,OYO 6736 Sima Inn Guest House,"Near Near Salt Lake, Sector 2, Kolkata",Very Good,3.3,₹2119,67% off,₹699
461,kolkata,Flagship 75235 Hotel Red Rose,"Dum Dum, Kolkata",Fair,3.9,₹1895,68% off,₹597
462,kolkata,OYO 11530 Maa Tara Guest House,"Near R.N.Tagore Hospital, Nitainagar, Kolkata",Good,3.1,₹1921,66% off,₹648
463,kolkata,OYO 35567 Hotel Nest,"Near Bata More, Royd Street, Kolkata",Good,4.1,₹4987,65% off,₹1745
464,kolkata,OYO 63936 Sonali Guest House ,"Near South City Business Park, Anandapur, Kolkata",Excellent,4.0,₹2532,72% off,₹709
465,kolkata,Flagship 81224 Hotel Eden,"700156, Kolkata",Very Good,3.7,₹2445,71% off,₹685
466,kolkata,Capital O 82197 Fortune Inn,"Kasba, Kolkata",Good,3.3,₹1775,68% off,₹559
467,kolkata,OYO Flagship 703924 Airport View,"India, Kolkata",Fair,NEW,₹2233,74% off,₹564
468,kolkata,OYO Flagship 701974 Hotel Dreamline,"Near SBI E-Corner, Kolkata",Very Good,3.6,₹1913,73% off,₹501
469,kolkata,Capital O 1481 Hotel Heritage,"Teghoria, VIP Road, Kolkata Raghunathpur, Kolkata Airport Haldiram",Good,4.3,₹5574,71% off,₹1561
470,kolkata,OYO Flagship 805126 Hotel New Aamaze Inn,"near Vivanta hotel, Kolkata",Very Good,NEW,₹1761,65% off,₹599
471,kolkata,Flagship 701567 Dark N Dreams,"Near Dhan Math, Kolkata",Fair,3.9,₹2928,71% off,₹820
472,kolkata,OYO Flagship 71945 Relief Inn,"Near Oxfoard House School , Kolkata",Good,3.8,₹2354,72% off,₹659
473,kolkata,OYO Flagship 82200 Priyangshu Inn,", Kolkata",Fair,2.3,₹1789,68% off,₹564
474,kolkata,OYO 63154 Red Velvet Classic,Kaikhali Above IndusInd Bank ATM Kolkata International Airport 02 Hotel VIP Road,Very Good,4.0,₹2661,72% off,₹745
475,kolkata,OYO Townhouse 424 Beck Bagan Ballygunge,"Near Quest Mall, Karaya Road, Kolkata",Very Good,4.0,₹4359,64% off,₹1526
476,kolkata,Collection O 17376 Amishat Residency,"Behind Aahirini Market, Newtown, Kolkata",Good,4.1,₹3057,70% off,₹899
477,kolkata,Flagship 72573 Sp,"Near College Road, Shalimar, Kolkata",,3.9,₹3577,71% off,₹1002
478,kolkata,OYO 82221 Hotel Regency,", Kolkata",,4.1,₹3654,65% off,₹1279
479,kolkata,OYO 90470 Senray Guest House,"Rajarhat, Kolkata",Fair,3.4,₹2432,71% off,₹699
480,kolkata,OYO 89475 New Hotel City Of Joy,"Saltlake Sector 1, Kolkata",Good,4.0,₹3869,65% off,₹1354
481,kolkata,OYO Flagship 82464 Gulistan Guest House,"India, Kolkata",Very Good,3.4,₹3979,64% off,₹1393
482,kolkata,Flagship 27998 Golden Inn,"Ballygunge, Kolkata, West Bengal, India ",Good,4.1,₹4379,64% off,₹1533
483,kolkata,OYO Flagship 701787 Relax View Dumdum Park,"Dum Dum Park, Kolkata",Good,2.8,₹2844,68% off,₹896
484,kolkata,Collection O 76651 Dovers Inn,"Opp Gariahat Police Station, Kolkata",Fair,3.9,₹3971,72% off,₹1112
485,kolkata,OYO 61457 Pinnacle Auberge,Chinar Park Kolkata International Airport Beside Spencers Rajarhat Main Road,Very Good,3.4,₹2368,68% off,₹746
486,kolkata,OYO 61945 Padmavati Projects Pvt Ltd,"Biswa Bangla Sarani Behind Binany Building, Chinar Park, Beside NPG Hotel, Nibedita Apartment , Kolkata 700157",Very Good,3.9,₹3005,71% off,₹842
487,kolkata,OYO Flagship 9543 Rajarhat,"Near Chinar Park , Rajarhat, Kolkata",Very Good,4.1,₹3562,64% off,₹1247
488,kolkata,OYO 46115 Kuber Residency,"Near Tagore Park, Kasba, Kolkata",Good,3.9,₹2052,53% off,₹949
489,kolkata,Capital O 1487 Hotel Gardenia,"Near Laxminarayan Temple, Sarat Bose Road, Kolkata",Very Good,3.6,₹5419,71% off,₹1518
490,kolkata,Flagship 701201 The Buddha Guest House,"Near Vidyasagar Hospital, Kolkata",Fair,3.5,₹3075,72% off,₹861
491,kolkata,OYO 10364 Green Leaf Hospitality,FD 390 SECTOR 3 SALT LAKE CENTRAL PARK MANI SQUARE CITY CENTRE 1,Very Good,3.8,₹3459,64% off,₹1211
492,kolkata,OYO 1764 Hotel Maruti Lodging,"Above Reliance Trends, Raghunathpur, Kolkata",Fair,4.0,₹4622,72% off,₹1294
493,kolkata,OYO Flagship 30696 Pigeon Guest House,", Kolkata",Very Good,3.6,₹2762,68% off,₹870
494,kolkata,OYO Townhouse 095 Akash Ganga Park Circus,"Beniapukur, Kolkata",Fair,3.9,₹6454,65% off,₹2259
495,kolkata,OYO 92294 Sagorika Inn,Chinarpark Amenia; Arsalan,Good,4.1,₹2309,65% off,₹808
496,kolkata,Capital O 85376 Kabita Guest House,Mukundapur Main Road Seven Maddox Square Multi cuisine Restaurant Kolkata EM Bye Pass Opposite Dr. Devi Shetty Hospital,Fair,4.0,₹3362,64% off,₹1177
497,kolkata,OYO 5718 Pratiksha Guest House,"Bangur Avenue Block B, Kolkata Kolkata West Bengal India 700055",Good,3.3,₹3499,71% off,₹980
498,kolkata,OYO Townhouse 696 Hotel Mayfair Tower,"Hussainpur, Kolkata",Very Good,3.7,₹4378,72% off,₹1226
499,kolkata,OYO 8863 Hotel Sigma,"Near Buxarah Road, Howrah, Kolkata",Good,3.6,₹3312,71% off,₹928
